[
  {
    "_id": "60f7ac9d513f1c9905c03ee7",
    "index": 0,
    "guid": "1daa18ba-b509-4c53-ae38-a51f01b1ca61",
    "isActive": true,
    "balance": "$2,093.01",
    "picture": "https://picsum.photos/200/300",
    "age": 31,
    "eyeColor": "brown",
    "name": "Nancy Mills",
    "gender": "female",
    "company": "EMTRAK",
    "email": "nancymills@emtrak.com",
    "phone": "+1 (963) 540-2178",
    "address": "348 Varet Street, Ballico, Maine, 2971",
    "about": "Elit occaecat nisi incididunt exercitation anim cupidatat cillum sint. Non sint occaecat culpa proident laborum amet. Eiusmod et proident aliqua ea. Eiusmod id labore qui ullamco et aliqua adipisicing ullamco aliqua. Esse et deserunt cillum dolore ipsum Lorem nostrud. Duis esse id in qui labore ad duis sint quis ipsum non.\r\n"
  },
  {
    "_id": "60f7ac9d98f84959354a882d",
    "index": 1,
    "guid": "a226ea53-eb80-446d-b9a7-3d5da20e68d2",
    "isActive": true,
    "balance": "$1,955.49",
    "picture": "https://picsum.photos/200/300",
    "age": 27,
    "eyeColor": "brown",
    "name": "Regina Lowe",
    "gender": "female",
    "company": "MAXIMIND",
    "email": "reginalowe@maximind.com",
    "phone": "+1 (897) 559-2545",
    "address": "572 Willoughby Avenue, Oretta, Kentucky, 3335",
    "about": "Fugiat consectetur officia eu Lorem quis aliquip duis. Enim reprehenderit cupidatat est pariatur tempor enim est eiusmod minim laborum pariatur et. Enim aute sunt adipisicing duis nisi ea ex reprehenderit. Excepteur consequat laborum nisi laboris voluptate voluptate nostrud et reprehenderit nulla reprehenderit ea. Et exercitation velit eiusmod culpa dolore.\r\n"
  },
  {
    "_id": "60f7ac9db13bd1e9df769767",
    "index": 2,
    "guid": "5e8e1e19-7f85-4d59-8edc-cbeea65bdfdd",
    "isActive": true,
    "balance": "$2,758.17",
    "picture": "https://picsum.photos/200/300",
    "age": 22,
    "eyeColor": "blue",
    "name": "Misty Durham",
    "gender": "female",
    "company": "OPTYK",
    "email": "mistydurham@optyk.com",
    "phone": "+1 (854) 499-3910",
    "address": "178 Burnett Street, Caroleen, Tennessee, 8713",
    "about": "Officia do aute dolor laborum enim ea enim veniam commodo est ullamco. Lorem occaecat aute eiusmod cupidatat commodo sint non incididunt enim sint. Ipsum commodo culpa veniam cupidatat esse. Duis ex sunt adipisicing cillum irure adipisicing sit reprehenderit adipisicing ullamco ullamco laborum proident.\r\n"
  },
  {
    "_id": "60f7ac9df2a9e404c48efd2f",
    "index": 3,
    "guid": "3b074932-61ee-4e63-814a-6588ed076793",
    "isActive": true,
    "balance": "$2,132.58",
    "picture": "https://picsum.photos/200/300",
    "age": 33,
    "eyeColor": "brown",
    "name": "Jenny Stout",
    "gender": "female",
    "company": "COMTRAIL",
    "email": "jennystout@comtrail.com",
    "phone": "+1 (814) 451-2717",
    "address": "405 Dearborn Court, Elrama, New Hampshire, 5055",
    "about": "Consequat enim cupidatat cupidatat consequat officia adipisicing in tempor amet aliqua veniam. Sint quis magna esse labore id qui esse esse labore. Incididunt dolor sint aute quis ex fugiat quis incididunt occaecat laboris.\r\n"
  },
  {
    "_id": "60f7ac9d732a6303f34e7448",
    "index": 4,
    "guid": "38805a31-cf34-4bba-9fa2-5153f2cf9906",
    "isActive": true,
    "balance": "$2,427.94",
    "picture": "https://picsum.photos/200/300",
    "age": 27,
    "eyeColor": "brown",
    "name": "Barker Sears",
    "gender": "male",
    "company": "SUPPORTAL",
    "email": "barkersears@supportal.com",
    "phone": "+1 (903) 596-3491",
    "address": "601 Commerce Street, Como, Minnesota, 1322",
    "about": "Aliqua dolore est ad enim officia dolore labore. Qui labore excepteur culpa duis. Ex cillum officia adipisicing qui deserunt consequat amet reprehenderit officia sit eiusmod ut. Adipisicing anim dolor consequat ad tempor qui velit. Est et dolore adipisicing consectetur voluptate reprehenderit id ut Lorem fugiat amet exercitation.\r\n"
  },
  {
    "_id": "60f7ac9d2554f44463eaa8bd",
    "index": 5,
    "guid": "c0c9fd0c-784a-4d38-afe3-876ce7435ebe",
    "isActive": false,
    "balance": "$3,315.61",
    "picture": "https://picsum.photos/200/300",
    "age": 22,
    "eyeColor": "brown",
    "name": "Gould Carroll",
    "gender": "male",
    "company": "BUZZMAKER",
    "email": "gouldcarroll@buzzmaker.com",
    "phone": "+1 (956) 552-2422",
    "address": "332 Albany Avenue, Boonville, New York, 8037",
    "about": "Minim cupidatat ea consequat et ad cillum labore aliqua elit nostrud exercitation Lorem labore. Incididunt officia cillum aute incididunt esse. Cillum eiusmod dolor ex mollit Lorem. Laborum laboris voluptate cupidatat tempor ullamco non nisi aliqua officia commodo nostrud.\r\n"
  },
  {
    "_id": "60f7ac9de660b02edf8397ec",
    "index": 6,
    "guid": "9176f86c-fa08-490f-bb36-42eccdf1bcb4",
    "isActive": false,
    "balance": "$1,482.65",
    "picture": "https://picsum.photos/200/300",
    "age": 24,
    "eyeColor": "green",
    "name": "Cassie Butler",
    "gender": "female",
    "company": "SULFAX",
    "email": "cassiebutler@sulfax.com",
    "phone": "+1 (872) 590-3457",
    "address": "780 Dekoven Court, Caln, Hawaii, 8545",
    "about": "Exercitation esse enim nisi labore reprehenderit eiusmod. Occaecat et officia anim Lorem nostrud ex sint proident occaecat. Sit mollit velit veniam do cupidatat. Aute incididunt consectetur ullamco cillum pariatur irure velit laboris dolore et culpa aliquip.\r\n"
  }
]
